{"cameraMode":{"drawMode":0,"name":"Shaded","section":"Shading Mode"},"sceneLighting":true,"audioPlay":false,"sceneViewState":{"showFog":true,"showMaterialUpdate":false,"showSkybox":true,"showFlares":true,"showImageEffects":true,"showParticleSystems":true},"in2DMode":false,"pivot":{"x":0.16927599906921388,"y":2.162579298019409,"z":0.33617234230041506},"rotation":{"x":0.06205633655190468,"y":-0.7262724041938782,"z":0.06614544242620468,"w":0.6813972592353821},"size":4.887670516967773,"orthographic":false}