{"cameraMode":{"drawMode":0,"name":"Shaded","section":"Shading Mode"},"sceneLighting":false,"audioPlay":false,"sceneViewState":{"showFog":true,"showMaterialUpdate":false,"showSkybox":true,"showFlares":true,"showImageEffects":true,"showParticleSystems":true},"in2DMode":false,"pivot":{"x":0.8240000009536743,"y":1.0420000553131104,"z":0.5249999761581421},"rotation":{"x":0.12923069298267365,"y":-0.659098744392395,"z":0.11641527712345123,"w":0.7316664457321167},"size":22.0,"orthographic":false}