{"cameraMode":{"drawMode":0,"name":"Shaded","section":"Shading Mode"},"sceneLighting":false,"audioPlay":false,"sceneViewState":{"showFog":true,"showMaterialUpdate":false,"showSkybox":true,"showFlares":true,"showImageEffects":true,"showParticleSystems":true},"in2DMode":false,"pivot":{"x":2.9802322387695315e-8,"y":0.07634791731834412,"z":0.04551687836647034},"rotation":{"x":0.07574915140867233,"y":-0.7377189993858337,"z":0.08396114408969879,"w":0.6655698418617249},"size":0.8380077481269836,"orthographic":false}