{"cameraMode":{"drawMode":0,"name":"Shaded","section":"Shading Mode"},"sceneLighting":true,"audioPlay":false,"sceneViewState":{"showFog":true,"showMaterialUpdate":false,"showSkybox":true,"showFlares":true,"showImageEffects":true,"showParticleSystems":true},"in2DMode":false,"pivot":{"x":0.6926480531692505,"y":0.7318350076675415,"z":0.009672760963439942},"rotation":{"x":0.17445167899131776,"y":-0.5921850800514221,"z":0.133250430226326,"w":0.7753243446350098},"size":22.0,"orthographic":false}