{"cameraMode":{"drawMode":0,"name":"Shaded","section":"Shading Mode"},"sceneLighting":false,"audioPlay":false,"sceneViewState":{"showFog":true,"showMaterialUpdate":false,"showSkybox":true,"showFlares":true,"showImageEffects":true,"showParticleSystems":true},"in2DMode":false,"pivot":{"x":1.4901161193847657e-8,"y":0.02011561393737793,"z":0.06584528088569641},"rotation":{"x":0.1175956279039383,"y":-0.6500052213668823,"z":0.1027810126543045,"w":0.7437072992324829},"size":0.7605807185173035,"orthographic":false}