{"cameraMode":{"drawMode":0,"name":"Shaded","section":"Shading Mode"},"sceneLighting":true,"audioPlay":false,"sceneViewState":{"showFog":true,"showMaterialUpdate":false,"showSkybox":true,"showFlares":true,"showImageEffects":true,"showParticleSystems":true},"in2DMode":false,"pivot":{"x":1.9423489570617676,"y":1.0359582901000977,"z":-0.19088800251483918},"rotation":{"x":0.07485755532979965,"y":-0.7590151429176331,"z":0.08869288861751557,"w":0.640644907951355},"size":2.2385993003845217,"orthographic":false}