{"cameraMode":{"drawMode":0,"name":"Shaded","section":"Shading Mode"},"sceneLighting":false,"audioPlay":false,"sceneViewState":{"showFog":true,"showMaterialUpdate":false,"showSkybox":true,"showFlares":true,"showImageEffects":true,"showParticleSystems":true},"in2DMode":false,"pivot":{"x":1.4901161193847657e-8,"y":0.02011561393737793,"z":0.06584528088569641},"rotation":{"x":0.14649523794651032,"y":-0.6890285015106201,"z":0.1452968418598175,"w":0.6947429180145264},"size":0.7605807185173035,"orthographic":false}