{"cameraMode":{"drawMode":0,"name":"Shaded","section":"Shading Mode"},"sceneLighting":false,"audioPlay":false,"sceneViewState":{"showFog":true,"showMaterialUpdate":false,"showSkybox":true,"showFlares":true,"showImageEffects":true,"showParticleSystems":true},"in2DMode":false,"pivot":{"x":-0.03420943021774292,"y":0.09385580569505692,"z":-0.36395445466041567},"rotation":{"x":0.19734269380569459,"y":-0.5654271245002747,"z":0.14156778156757356,"w":0.7882300615310669},"size":0.7156676650047302,"orthographic":false}