{"cameraMode":{"drawMode":0,"name":"Shaded","section":"Shading Mode"},"sceneLighting":false,"audioPlay":false,"sceneViewState":{"showFog":true,"showMaterialUpdate":false,"showSkybox":true,"showFlares":true,"showImageEffects":true,"showParticleSystems":true},"in2DMode":false,"pivot":{"x":-0.02418132871389389,"y":0.13428279757499696,"z":-0.880329966545105},"rotation":{"x":0.20516470074653626,"y":-0.566265344619751,"z":0.14811298251152039,"w":0.7844192385673523},"size":0.840084433555603,"orthographic":false}