{"cameraMode":{"drawMode":0,"name":"Shaded","section":"Shading Mode"},"sceneLighting":true,"audioPlay":false,"sceneViewState":{"showFog":true,"showMaterialUpdate":false,"showSkybox":true,"showFlares":true,"showImageEffects":true,"showParticleSystems":true},"in2DMode":false,"pivot":{"x":1.1486539840698243,"y":4.42449951171875,"z":-3.0487732887268068},"rotation":{"x":0.17116183042526246,"y":-0.7187211513519287,"z":0.19029110670089723,"w":0.6464773416519165},"size":8.597445487976075,"orthographic":false}