{"cameraMode":{"drawMode":0,"name":"Shaded","section":"Shading Mode"},"sceneLighting":false,"audioPlay":false,"sceneViewState":{"showFog":true,"showMaterialUpdate":false,"showSkybox":true,"showFlares":true,"showImageEffects":true,"showParticleSystems":true},"in2DMode":false,"pivot":{"x":0.41999998688697817,"y":1.0,"z":-1.0509999990463257},"rotation":{"x":0.15831714868545533,"y":-0.6612117886543274,"z":0.145657017827034,"w":0.7186923623085022},"size":8.382471084594727,"orthographic":false}