{"cameraMode":{"drawMode":0,"name":"Shaded","section":"Shading Mode"},"sceneLighting":false,"audioPlay":false,"sceneViewState":{"showFog":true,"showMaterialUpdate":false,"showSkybox":true,"showFlares":true,"showImageEffects":true,"showParticleSystems":true},"in2DMode":false,"pivot":{"x":1.2600001096725464,"y":6.430315017700195,"z":-7.0455708503723148},"rotation":{"x":-0.003958300221711397,"y":-0.6444135904312134,"z":-0.003335358342155814,"w":0.7646596431732178},"size":2.3524975776672365,"orthographic":false}