{"cameraMode":{"drawMode":0,"name":"Shaded","section":"Shading Mode"},"sceneLighting":false,"audioPlay":false,"sceneViewState":{"showFog":true,"showMaterialUpdate":false,"showSkybox":true,"showFlares":true,"showImageEffects":true,"showParticleSystems":true},"in2DMode":false,"pivot":{"x":0.8209999799728394,"y":1.055999994277954,"z":-0.593999981880188},"rotation":{"x":0.12923069298267365,"y":-0.659098744392395,"z":0.11641527712345123,"w":0.7316664457321167},"size":22.0,"orthographic":false}