{"cameraMode":{"drawMode":0,"name":"Shaded","section":"Shading Mode"},"sceneLighting":true,"audioPlay":false,"sceneViewState":{"showFog":true,"showMaterialUpdate":false,"showSkybox":true,"showFlares":true,"showImageEffects":true,"showParticleSystems":true},"in2DMode":false,"pivot":{"x":2.055790901184082,"y":1.5563894510269166,"z":-0.919360876083374},"rotation":{"x":0.14510388672351838,"y":-0.7001743316650391,"z":0.14874397218227387,"w":0.6830636858940125},"size":5.481590270996094,"orthographic":false}