{"cameraMode":{"drawMode":0,"name":"Shaded","section":"Shading Mode"},"sceneLighting":true,"audioPlay":false,"sceneViewState":{"showFog":true,"showMaterialUpdate":false,"showSkybox":true,"showFlares":true,"showImageEffects":true,"showParticleSystems":true},"in2DMode":false,"pivot":{"x":0.7336697578430176,"y":0.8955521583557129,"z":0.0204620361328125},"rotation":{"x":0.17057029902935029,"y":-0.5951024889945984,"z":0.13109536468982697,"w":0.7743209600448608},"size":5.587864875793457,"orthographic":false}