{"cameraMode":{"drawMode":0,"name":"Shaded","section":"Shading Mode"},"sceneLighting":false,"audioPlay":false,"sceneViewState":{"showFog":true,"showMaterialUpdate":false,"showSkybox":true,"showFlares":true,"showImageEffects":true,"showParticleSystems":true},"in2DMode":false,"pivot":{"x":-0.009999986737966538,"y":1.0601155757904053,"z":-1.2541548013687134},"rotation":{"x":0.17116183042526246,"y":-0.7187211513519287,"z":0.19029110670089723,"w":0.6464773416519165},"size":0.7605806589126587,"orthographic":false}